Date,Speed (cup_ 130 m),Ti (cup_ 130 m),Speed (cup_ 122 m),Ti (cup_ 122 m),Direction (Vane_ 122 m),Speed (cup_ 105 m),Ti (cup_ 105 m),Speed (cup_ 87 m),Ti (cup_ 87 m),Direction (Vane_ 87 m),Speed (cup_ 80 m),Ti (cup_ 80 m),Speed (cup_ 55 m),Ti (cup_ 55 m),Speed (cup_ 38 m),Ti (cup_ 38 m),Direction (Vane_ 38 m),Speed (cup_ 30 m),Ti (cup_ 30 m),Speed (cup_ 10 m),Ti (cup_ 10 m),Direction (Vane_ 10 m),Speed (cup_ 3 m),Ti (cup_ 3 m),Direction (Vane_ 3 m),Air Density (3 m),Air Pressure (3 m),Air Temperature (3 m),Relative Humidity (3 m),Air Density (38 m),Air Pressure (38 m),Air Temperature (38 m),Relative Humidity (38 m),Air Density (87 m),Air Pressure (87 m),Air Temperature (87 m),Relative Humidity (87 m),Air Density (122 m),Air Pressure (122 m),Air Temperature (122 m),Relative Humidity (122 m),Gradient Richardson (38_ 87_ 122 m),Gradient Richardson (3_ 10_ 38_ 87_ 122 m),Gradient Richardson (3_ 10_ 38_ 87 m),Gradient Richardson (10_ 38 m),Wind Shear (38_ 122 m),Wind Veer (38_ 122 m),Wind Shear (3_ 122 m),Wind Veer (3_ 122 m),Wind Shear (3_ 87 m),Wind Veer (3_ 87 m),Wind Shear (38_ 87 m),Wind Veer (38_ 87 m),Wind Shear (10_ 87 m),Wind Veer (10_ 87 m),Wind Shear (87_ 38_ 10_ 3 m),Wind Veer (87_ 38_ 10_ 3 m),Wind Shear (130_ 105_ 80_ 55_ 30 m),Air temperature (sonic_119m),Speed (sonic_119m),Direction (sonic_119m),Turbulent Kinetic Energy (119m),Coherent TKE (119m),Monin-Obukhov Length (119m),Stability parameter z/L (119m),Air temperature (sonic_100m),Speed (sonic_100m),Direction (sonic_100m),Turbulent Kinetic Energy (100m),Coherent TKE (100m),Monin-Obukhov Length (100m),Stability parameter z/L (100m),Air temperature (sonic_74m),Speed (sonic_74m),Direction (sonic_74m),Turbulent Kinetic Energy (74m),Coherent TKE (74m),Monin-Obukhov Length (74m),Stability parameter z/L (74m),Air temperature (sonic_61m),Speed (sonic_61m),Direction (sonic_61m),Turbulent Kinetic Energy (61m),Coherent TKE (61m),Monin-Obukhov Length (61m),Stability parameter z/L (61m),Air temperature (sonic_41m),Speed (sonic_41m),Direction (sonic_41m),Turbulent Kinetic Energy (41m),Coherent TKE (41m),Monin-Obukhov Length (41m),Stability parameter z/L (41m),Air temperature (sonic_15m),Speed (sonic_15m),Direction (sonic_15m),Turbulent Kinetic Energy (15m),Coherent TKE (15m),Monin-Obukhov Length (15m),Stability parameter z/L (15m),Stability Flag (119m),Stability Flag (100m),Stability Flag (74m),Stability Flag (61m),Stability Flag (41m),Stability Flag (15m)
2014-12-31 17:00:00-07:00,1.7485490000000001,16.885625,1.29565,28.239862,41.468338,1.818998,13.814248000000001,1.7149860000000001,11.600664,20.043297,1.718557,13.368854,1.6421240000000001,11.166542999999999,1.0678239999999999,16.387658,353.963334,1.051784,15.184378,0.370431,,266.18875099999997,1.115988,23.818689000000003,245.094538,1.050424,813.7872000784738,-10.958112000000028,26.285121000000004,1.029247,810.0071391024928,-6.785852999999975,48.052157,1.0223309999999999,805.0635849699521,-6.703164000000015,42.847902000000005,1.0170649999999999,801.3674051967834,-6.558375999999953,37.094404,3.704154,5.232171,3.036759,3.460865,,,,,,1.606533,,0.5322439999999999,,1.4786299999999999,,1.593452,,-5.051405,1.6593919999999998,45.943157,0.149167,0.077191,194.55288000000002,0.6116590000000001,-6.874160000000001,1.7984689999999999,31.061047,0.146835,0.072313,114.15166299999999,0.876028,-4.309282,1.868699,14.111607000000001,0.076304,0.05452100000000001,84.143896,0.879446,,,,,,,,,,,,,,,,,,,,,,Very Stable,Very Stable,Very Stable,,,
2014-12-31 17:10:00-07:00,2.1115369999999998,15.992223000000001,1.622358,19.425424,67.08658199999999,1.8898599999999999,11.070746,1.4672450000000001,12.827005999999999,58.895855000000005,1.39602,16.3619,1.190185,25.521673999999997,0.8637299999999999,,11.40638,0.849274,,0.152294,,277.426466,1.315185,15.725620000000001,245.89733900000002,1.056423,813.6956810784739,-12.47629599999999,26.236177,1.029192,809.8949131024929,-6.809495000000027,45.158148,1.0219559999999999,804.9223699699521,-6.653611000000012,34.887621,1.016993,801.2054841967833,-6.594760000000008,30.036226,1.820366,4.9667069999999995,4.133734,7.329692999999999,,0.66286,,,,2.0595060000000003,,0.969173,,1.8372650000000001,,2.006246,,-5.101233000000001,1.988247,73.582488,0.108919,0.092168,11.978649,9.934342,-6.8624220000000005,1.740055,69.459026,0.122673,0.083467,40.844746,2.448295,-4.243989,1.409276,56.760507,0.163418,0.070018,64.613483,1.1452719999999998,,,,,,,,,,,,,,,,,,,,,,Very Stable,Very Stable,Very Stable,,,
2014-12-31 17:20:00-07:00,2.295753,16.653861,1.498233,43.191679,84.902914,2.022998,15.391448,1.3008680000000001,21.273869,86.01314,1.4416440000000001,24.303397,1.052858,37.493778999999996,0.384656,,73.986498,0.489784,,0.129342,,268.031589,1.353415,14.459731,243.622686,1.059735,813.8158600784739,-13.251057000000003,26.091626,1.03111,810.0036671024928,-7.267875000000004,40.862169,1.024265,,-7.222589000000028,,,,-7.194755999999984,,,,4.8899029999999994,,,,,,,-1.8763040000000002,,0.245442,,2.311449,,2.4521330000000003,,-5.270437,1.9251880000000001,94.08806,0.130208,0.057014999999999996,127.165718,0.935787,-6.958547,1.7089560000000001,92.181731,0.120301,,,0.49141999999999997,-4.335575,1.273888,89.98085,0.105378,,,0.428939,,,,,,,,,,,,,,,,,,,,,,Very Stable,,,,,
2014-12-31 17:30:00-07:00,2.010896,22.9562,1.1362219999999998,65.242086,87.709701,1.9064720000000002,28.537437,1.342031,21.263861,90.732026,1.4163430000000001,27.435183000000002,1.0355889999999999,28.474631,0.551249,,87.63202,0.6289060000000001,,0.61883,,264.218638,1.366914,16.793301,246.427546,1.0571,813.8555440784738,-12.590485000000001,23.945457,1.029116,810.0523641024929,-6.7365049999999655,32.86531,1.022691,805.076443969952,-6.792552000000001,26.856419,1.017841,801.3571461967833,-6.76488999999998,23.787774,6.257118,5.773413,3.7293830000000003,4.376704,,0.000925,,,,-1.853518,,0.063265,,-2.253073,,-2.101738,,-5.413678,1.768761,97.728629,0.156861,0.068871,1300.402439,0.09151000000000001,-7.088452,1.68554,98.60035500000001,0.181054,0.08730299999999999,,0.041122000000000006,-4.449231,1.290015,92.673994,0.13199,0.07786799999999999,966.075344,0.076599,,,,,,,,,,,,,,,,,,,,,,Neutral,Neutral,Neutral,,,
2014-12-31 17:40:00-07:00,1.385928,30.607722999999996,0.481353,,93.703797,1.1505969999999999,30.771860999999998,0.9512649999999999,,101.298973,0.919543,,0.791166,,0.498046,,128.37417,0.47398500000000005,,1.499406,37.91783,254.768215,1.9576939999999998,21.730767999999998,246.844911,1.0574540000000001,813.6869900784737,-12.733331000000021,23.328448,1.0292270000000001,809.8825621024929,-6.822676999999999,28.853226,1.022892,804.9048949699521,-6.903264000000036,25.678593,1.017894,801.1843481967833,-6.838036999999986,22.966795,,5.387022,2.936003,1.7706389999999999,,,,,,-1.73269,,-0.552555,,-1.993107,,-1.891752,,-5.464747,1.383928,104.422028,0.08873400000000001,0.057994000000000004,50.106154,2.3749580000000003,-7.162363,1.191758,108.07978899999999,0.087757,0.050283,86.83787,1.151571,-4.504665,1.007599,111.98387,0.089376,0.059505999999999996,45.010583000000004,1.6440580000000002,,,,,,,,,,,,,,,,,,,,,,Very Stable,Very Stable,Very Stable,,,
2014-12-31 17:50:00-07:00,1.3226959999999999,22.625346,0.0,,,,27.606933,0.6184649999999999,,91.717751,0.5708810000000001,,0.37240500000000004,,0.024153,,118.404854,0.132906,,1.8075580000000002,8.522738,262.364443,1.778973,15.560296,248.09778599999999,1.060017,813.8139470784738,-13.320836999999983,23.132538,1.030991,810.0006831024929,-7.238193000000024,29.147433000000003,1.023838,,-7.113244000000009,,,,-7.039594000000022,,,,3.738532,,,,,,,,,,,-2.216191,,-2.066822,,-5.546983,1.114635,99.458202,0.056011,0.027372000000000004,-35.841567,-3.3201669999999996,-7.224689,0.8914920000000001,103.200064,0.048226,,,-4.5923620000000005,-4.597295,0.601946,104.41906,0.033482,,,-4.719479,,,,,,,,,,,,,,,,,,,,,,Very Unstable,,,,,
2014-12-31 18:00:00-07:00,1.20866,17.12225,0.0,,,,18.041017999999998,0.897925,,110.961525,0.8445600000000001,,0.518698,,0.155122,,189.96579599999998,0.509121,,1.940025,9.45237,251.19391000000002,1.923827,12.276791000000001,243.535126,1.0602280000000002,813.5968480784738,-13.443782999999996,22.023152,1.030294,809.7828171024929,-7.132183999999995,28.877335,1.023467,,-7.091366999999991,,,,-7.082718,,,,3.157172,,,,,,,,,,,-1.8212,,-1.6820099999999998,,-5.545674,1.157241,116.209806,0.089651,0.040064999999999996,227.498149,0.523081,-7.2493929999999995,1.11289,119.60696499999999,0.08717799999999999,,,0.40126300000000004,-4.585375,0.904597,122.56524399999999,0.071979,,,0.27355,,,,,,,,,,,,,,,,,,,,,,Stable,,,,,
2014-12-31 18:10:00-07:00,1.5820969999999999,15.934345,0.745164,,152.426639,1.312877,15.955154,1.059844,19.286735999999998,160.51528100000002,1.078158,16.152179,0.9968450000000001,,0.751657,,208.710758,0.985468,,2.342473,7.172003,239.250369,2.10038,11.59654,241.359452,1.062198,813.7656560784739,-13.869987999999978,21.653252,1.031,809.9448281024929,-7.2595699999999965,29.570323,1.02481,,-7.388093999999967,,,,-7.394269000000008,,,,4.31681,,,,,,,-0.9624309999999999,,-0.9835809999999999,,-1.022534,,-0.987598,,-5.512343,1.42632,153.737345,0.10416600000000001,0.057108000000000006,336.112687,0.35404800000000003,-7.259772,1.300217,162.809187,0.101992,,,0.62133,-4.617632,1.117034,172.90061200000002,0.11839000000000001,,,5.048451,,,,,,,,,,,,,,,,,,,,,,Stable,,,,,
2014-12-31 18:20:00-07:00,1.751557,14.523029000000001,1.262616,36.818146,162.571954,1.803459,11.139287,1.544578,9.852408,173.09248200000002,1.597037,10.806644,1.588983,11.803537,1.355089,17.647441,204.833167,1.607644,11.904764,2.6062939999999997,5.040437,227.79796000000002,2.014551,13.975759,240.823189,1.062368,813.8047220784738,-13.89851699999997,20.773839000000002,1.030981,809.9832831024929,-7.241665000000012,30.748542999999998,1.025041,,-7.4352309999999875,,,,-7.455016999999998,,,,5.419537999999999,,,,,,,-0.806318,,-0.6477689999999999,,-0.710461,,-0.771087,,-5.6063480000000006,1.8232669999999997,166.556777,0.069526,0.037752,48.481947,2.4545220000000003,-7.351222999999999,1.818793,172.723021,0.060283,,,2.0325580000000003,-4.706837999999999,1.691588,182.000423,0.082716,,,0.47188500000000005,,,,,,,,,,,,,,,,,,,,,,Very Stable,,,,,
2014-12-31 18:30:00-07:00,2.242723,12.959953,1.85515,15.307210999999999,162.570232,2.2541990000000003,13.529167000000001,2.053725,11.835293,175.698578,2.091391,12.475819,2.047772,10.845034,1.8727650000000002,12.771298,200.943581,2.146007,12.411888000000001,2.947402,10.039996,223.451818,2.3845080000000003,8.039913,232.56836299999998,1.063431,813.7675970784738,-14.169757000000004,20.536887,1.03198,809.9424891024928,-7.5125450000000455,27.616664,1.026019,,-7.703793000000019,,,,-7.737406000000021,,,,4.918897,,,,,,,-0.677021,,-0.515204,,-0.6201720000000001,,-0.6587930000000001,,-5.622254,2.2953759999999996,167.6102,0.12481500000000001,0.07890599999999999,932.528267,0.12761,-7.361741,2.318247,174.852329,0.113601,,,0.112999,-4.713568,2.188958,182.70134,0.107893,,,0.170458,,,,,,,,,,,,,,,,,,,,,,Neutral,,,,,
2014-12-31 18:40:00-07:00,3.227815,8.076939,2.795322,9.662914,166.281025,3.03261,9.980758999999999,2.7160040000000003,8.532528,177.641191,2.737502,8.783408999999999,2.742716,7.595235000000001,2.592915,8.312806,203.236193,2.919921,7.811792,3.5865739999999997,4.800868,215.73803700000002,2.499228,11.392169,226.87128399999997,1.061704,813.7052990784738,-13.769127999999967,20.289752,1.030693,809.8861291024929,-7.200068000000044,26.350962,1.024491,,-7.3245919999999956,,,,-7.30680099999995,,,,5.067815,,,,,,,-0.586073,,-0.522347,,-0.49476400000000004,,-0.54908,,-5.591568,3.24352,171.123646,0.073733,0.039598,41.677824,2.855235,-7.350464,3.056692,176.606689,0.087869,,,0.98454,-4.718604,2.8478950000000003,185.001676,0.07080399999999999,,,0.556245,,,,,,,,,,,,,,,,,,,,,,Very Stable,,,,,
2014-12-31 18:50:00-07:00,3.548078,8.35031,3.183716,8.667222,169.32017199999999,3.452572,8.359376,3.052307,7.829700999999999,180.787816,3.055847,9.019144,3.080003,7.092007000000001,2.99959,6.370645,206.867373,3.314952,5.775669000000001,3.768543,2.917898,217.79274700000002,2.419083,6.64823,225.34814300000002,1.059983,813.7201780784737,-13.343312000000026,20.720281,1.0299610000000001,809.906949102493,-7.004202999999961,25.812825,1.023501,804.916960969952,-7.057604999999967,22.507926,1.0185899999999999,801.1876141967833,-7.018631000000028,20.579002,0.6638930000000001,4.129405,5.091791000000001,5.963009,,,,,,-0.5304800000000001,,-0.5322359999999999,,-0.480584,,-0.508827,,-5.565696,3.608171,173.981827,0.12346099999999999,0.07974500000000001,232.411987,0.512022,-7.3224350000000005,3.401046,179.52782,0.101642,0.057315,120.403198,0.830543,-4.710182,3.17445,188.480531,0.117094,0.089489,60.417168999999994,1.224817,,,,,,,,,,,,,,,,,,,,,,Stable,Very Stable,Very Stable,,,
2014-12-31 19:00:00-07:00,4.092509,5.337371,3.6931010000000004,4.686111,164.83774,3.9238440000000003,4.906199,3.461722,5.6810599999999996,172.97540800000002,3.4481870000000003,6.054645,3.3292040000000003,6.185022,3.044454,6.647900999999999,197.277102,3.238312,6.104522,3.5885510000000003,4.625055000000001,212.332714,2.129876,12.7931,221.592349,1.0568549999999999,813.7716470784738,-12.557946000000015,19.194288,1.0298690000000001,809.9691391024928,-6.959406000000001,24.777225,1.023617,804.9941599699521,-7.061477000000025,22.26008,1.018709,801.2755331967833,-7.019607000000008,20.894637,0.632718,3.149943,3.457018,5.103196,,-0.386183,,,,-0.578773,,-0.495953,,-0.511134,,-0.55277,,-5.56055,4.114266000000001,169.607003,0.110581,0.070966,24.064056,4.945135,-7.314937,3.945615,172.945345,0.110345,0.06385199999999999,31.462577000000003,3.178379,-4.703787,3.6152889999999998,180.071629,0.105375,0.053436000000000004,1.349014,54.854874,,,,,,,,,,,,,,,,,,,,,,Very Stable,Very Stable,Very Stable,,,
2014-12-31 19:10:00-07:00,4.217656,6.722341,3.869412,7.272424000000001,166.725339,4.332952,7.032559,4.055979,6.7840300000000004,174.700715,4.066293,6.430233,3.832411,6.134358,3.4699980000000004,5.2788010000000005,196.207188,3.642813,5.4992540000000005,3.793415,3.513415,209.834212,2.308794,6.421444,219.867227,1.055936,813.7203740784738,-12.348172000000034,18.395526999999998,1.0298610000000001,809.9210021024928,-6.9736859999999865,23.876299,1.023407,804.9504129699521,-7.021668000000034,22.361321,1.01836,801.2349221967833,-6.942408999999998,21.243694,0.756532,3.059112,2.844388,6.097479,,,,,,-0.537697,,-0.438908,,-0.456279,,-0.506362,,-5.537363,4.4207279999999995,171.82816499999998,0.07710800000000001,0.039781,37.711543,3.155532,-7.310716,4.456308,175.109611,0.08770499999999999,0.053363,24.765447,4.037884,-4.717536,4.230437,180.529789,0.085776,0.048701999999999995,94.06398100000001,0.7866989999999999,,,,,,,,,,,,,,,,,,,,,,Very Stable,Very Stable,Very Stable,,,
2014-12-31 19:20:00-07:00,4.309838,4.492318,3.905646,5.310471,161.705037,4.108258,5.123819999999999,3.7433089999999996,4.935055999999999,170.770823,3.7540699999999996,4.846685,3.7142800000000005,5.565807,3.41825,4.810543,193.842749,3.641365,4.537094000000001,3.893622,4.017721,210.316779,2.225098,12.282724,221.01141,1.0564120000000001,813.7697620784737,-12.449172999999973,19.206322,1.030111,809.9687831024929,-7.022109999999998,24.217713,1.0236530000000001,804.9959439699521,-7.0701669999999694,22.640954,1.018685,801.2788461967833,-7.0121710000000235,21.390167,0.630677,2.637115,2.796072,3.943794,,,,,,-0.598102,,-0.47085600000000005,,-0.513584,,-0.566545,,-5.54269,4.340137,166.378514,0.077489,0.050162,,-0.036864,-7.312075,4.1957,170.597074,0.070095,0.04173,-1593.380709,-0.06276,-4.725663,3.9988230000000002,177.631732,0.057895,0.034613,-115.618328,-0.640037,,,,,,,,,,,,,,,,,,,,,,Neutral,Neutral,Very Unstable,,,
2014-12-31 19:30:00-07:00,3.265877,32.659634000000004,2.8594939999999998,37.047034000000004,166.445559,3.149312,33.884087,3.2052110000000003,25.114731,174.132395,3.315379,20.53135,3.673454,6.384405,3.480453,5.812655,197.035282,3.7152190000000003,5.447292,3.950901,5.26731,212.67754900000003,2.436579,6.403243,224.416329,1.054742,813.6252550784739,-12.084476999999993,18.368056,1.0304229999999999,809.8299931024928,-7.149508000000026,24.553707,1.023644,804.8651579699522,-7.112413000000004,22.579644000000002,1.018619,801.1537771967833,-7.037961999999993,21.23343,0.961349,3.5964110000000002,3.275904,3.837098,,-0.364163,,,,-0.598618,,-0.46740600000000004,,-0.500586,,-0.561371,,-5.611646,3.2517080000000003,171.297729,0.753268,0.29401900000000003,177.065475,0.672068,-7.37443,3.303029,173.910915,0.693412,0.330383,233.540919,0.42818999999999996,-4.803491,3.7009440000000002,179.975411,0.282951,0.183897,228.88990800000002,0.3233,,,,,,,,,,,,,,,,,,,,,,Very Stable,Stable,Stable,,,
2014-12-31 19:40:00-07:00,3.4058269999999995,23.105895999999998,3.407325,24.467659,172.850281,4.0883400000000005,19.667858,4.159544,11.091908,179.506375,4.238122,9.279874000000001,4.1383410000000005,8.162074,3.854457,6.604131,197.403444,4.082718,6.603343,4.313105,3.3781980000000003,213.503556,2.335891,6.765236,223.210629,1.056763,813.5564040784737,-12.606191999999965,19.009547,1.0306819999999999,809.7542031024929,-7.241850999999997,24.905011,1.023427,804.7796539699522,-7.085152999999991,23.205833,1.018425,801.0613341967833,-7.018799000000001,22.637714000000003,1.348566,4.062915,2.978724,3.403112,,,,,,-0.520289,,-0.365246,,-0.441522,,-0.492313,,-5.514505000000001,3.8619230000000004,176.464054,0.695448,0.43078500000000003,1513.6243470000002,0.07861900000000001,-7.299592999999999,4.266015,180.37819199999998,0.439068,0.28894699999999995,1218.466967,0.08207,-4.755005000000001,4.394076999999999,185.326093,0.117603,0.062975,30.245788,2.446622,,,,,,,,,,,,,,,,,,,,,,Neutral,Neutral,Very Stable,,,
2014-12-31 19:50:00-07:00,3.006742,24.982846,2.921919,25.149822,170.415541,3.558131,20.001463,3.5132660000000002,15.20295,178.938873,3.494121,15.866921,3.435453,12.857624000000001,3.534532,9.376408,201.406672,3.8323980000000004,9.056489,4.117344999999999,5.417097,218.519063,2.723208,8.55932,230.22915299999997,1.056565,813.5333700784738,-12.56489700000003,19.422953,1.030286,809.7318661024929,-7.147309000000007,24.471435999999997,1.02346,804.7582929699521,-7.101035999999965,24.584872,1.0184309999999999,801.0406701967834,-7.02740399999999,24.423137,0.9524950000000001,3.2814360000000002,2.853291,3.170716,,-0.368942,,,,-0.610599,,-0.458527,,-0.5140279999999999,,-0.574804,,-5.5380080000000005,3.407268,175.07953,0.653362,0.393428,103.81261500000001,1.146296,-7.326202,3.7601370000000003,178.749779,0.4976,0.299067,165.191821,0.6053569999999999,-4.767491000000001,3.528165,185.58160700000002,0.387002,0.23361500000000002,166.49344399999998,0.44446199999999997,,,,,,,,,,,,,,,,,,,,,,Very Stable,Very Stable,Very Stable,,,
2014-12-31 20:00:00-07:00,3.53433,20.740137,3.3092839999999994,25.673316,169.857754,3.788524,21.69817,3.6105519999999998,16.398663,176.976403,3.5516080000000003,16.244869,3.431689,11.813753,3.55575,7.394763,200.153914,3.905244,6.524973,4.212618,3.6085510000000003,216.52623799999998,2.564665,7.564168,227.367543,1.057043,813.4417380784738,-12.712942999999996,19.984208,1.030165,809.6386051024929,-7.147673999999995,25.340101999999998,1.02344,804.6627499699521,-7.1283240000000205,23.171484,1.018211,800.9434981967833,-7.00329099999999,21.023235999999997,0.958485,3.2679080000000003,2.933958,3.2115169999999997,,,,,,-0.599895,,-0.47301000000000004,,-0.513634,,-0.567569,,-5.493079,3.7869839999999995,173.92683200000002,0.673759,0.350195,128.569615,0.9255690000000001,-7.301628,3.8848550000000004,178.231405,0.635121,0.34003,161.67251399999998,0.618534,-4.775254,3.6548339999999997,184.31138,0.476804,0.288589,90.596456,0.816809,,,,,,,,,,,,,,,,,,,,,,Very Stable,Very Stable,Very Stable,,,
2014-12-31 20:10:00-07:00,3.057925,18.976551999999998,2.665837,21.85104,164.832765,3.3645150000000004,19.294276,3.820625,14.433414,177.154654,3.900295,12.981247,3.842745,15.46279,3.5918160000000006,11.54118,197.374967,3.844408,8.272621000000001,4.15378,3.792613,214.98009199999998,2.738569,9.581302,228.49142799999998,1.057308,813.5144700784738,-12.75428199999999,19.387919,1.029758,809.7104041024929,-7.018201999999974,24.767942,1.0230569999999999,804.7332429699521,-7.004714999999976,22.410265,1.0177260000000001,801.0130581967833,-6.852685000000008,19.876701,0.872091,3.370061,2.761942,3.190026,,-0.387407,,,,-0.611152,,-0.412659,,-0.49123900000000004,,-0.567086,,-5.344194,3.1557630000000003,170.360861,0.554787,0.35701900000000003,177.406564,0.670776,-7.193149000000001,3.669603,177.190929,0.5869260000000001,0.349948,275.975033,0.362352,-4.67261,4.144063,181.91831499999998,0.5379390000000001,0.306028,109.852152,0.673633,,,,,,,,,,,,,,,,,,,,,,Very Stable,Stable,Very Stable,,,
2014-12-31 20:20:00-07:00,2.711712,16.063766,2.3671290000000003,23.379396,165.44001699999998,3.294424,21.868327999999998,3.843062,17.581141,176.65219199999999,3.966736,14.621738,3.712134,12.350991,3.5293330000000003,9.056367999999999,200.87233500000002,3.7930309999999996,6.967939,4.014183,3.3381819999999998,220.80913700000002,2.8703830000000004,8.782173,232.575596,1.059615,813.4162000784737,-13.353020000000015,20.995976000000002,1.0296100000000001,809.6042431024929,-7.016112999999962,24.682126999999998,1.022573,804.6160359699521,-6.91867400000001,21.769152,1.016995,800.8879601967833,-6.704220000000021,18.695025,0.8680389999999999,3.2757549999999998,2.412583,3.10285,,-0.421813,,,,-0.665755,,-0.49428900000000003,,-0.5734670000000001,,-0.632576,,-5.228871,2.939508,171.379641,0.507516,0.335418,91.89562600000001,1.2949469999999998,-7.089324,3.7300709999999997,177.398723,0.641375,0.344206,105.19825,0.950586,-4.631578,4.061469000000001,183.136704,0.517061,0.27628,50.531437,1.464435,,,,,,,,,,,,,,,,,,,,,,Very Stable,Very Stable,Very Stable,,,
2014-12-31 20:30:00-07:00,3.198086,21.895725,2.69613,28.093306,167.869805,3.019209,23.611188000000002,3.447739,15.863560000000001,175.943618,3.628401,14.283407999999998,3.562864,13.198564000000001,3.26017,9.36127,200.03081699999998,3.448267,8.037635,3.749489,4.391196,221.64847999999998,2.900145,10.225235000000001,235.181961,1.0627389999999999,813.3665310784738,-14.132743000000005,22.598964000000002,1.032032,809.5438611024929,-7.660551999999996,25.913414000000003,1.0250540000000001,,-7.58846699999998,,,,-7.495837999999992,,,,2.601693,,,,,,,-0.705218,,-0.491575,,-0.5935699999999999,,-0.665323,,-5.287421,3.14909,172.214676,0.632782,0.34723200000000004,9.274161999999999,12.831348,-7.086714999999999,3.4058059999999997,176.592137,0.606158,,,0.792693,-4.585744,3.9485360000000003,181.186714,0.48266899999999996,,,1.001511,,,,,,,,,,,,,,,,,,,,,,Very Stable,,,,,
2014-12-31 20:40:00-07:00,4.141186,14.514044,3.608627,16.466896,172.132496,3.7614449999999997,18.734115,3.46155,13.709370999999999,180.251431,3.4190690000000004,15.077704999999998,3.209498,11.129045,3.004539,6.4060809999999995,209.732066,3.2511200000000002,5.1679580000000005,3.605507,3.494046,223.48610299999999,2.994589,11.426532,231.855223,1.063579,813.2279300784738,-14.382589999999993,22.571117,1.0303149999999999,809.4023631024929,-7.266175999999973,25.844815,1.023336,,-7.192445000000021,,,,-7.111689000000013,,,,3.4413370000000003,,,,,,,-0.6143310000000001,,-0.601646,,-0.561489,,-0.591971,,-5.411908,4.0040309999999995,176.409515,0.447884,0.27077399999999996,59.880428,1.987294,-7.218299000000001,3.74634,180.09358899999998,0.417113,,,1.967018,-4.680587999999999,3.4535160000000005,187.293031,0.376596,,,1.056049,,,,,,,,,,,,,,,,,,,,,,Very Stable,,,,,
2014-12-31 20:50:00-07:00,4.394113,8.875751,3.8224410000000004,10.864666,178.36403,3.8310720000000003,11.192648,3.184532,11.999414,187.264658,3.191019,12.499452,3.3538120000000005,9.135110000000001,3.222594,7.2082880000000005,214.22508100000002,3.4492410000000002,6.306233,3.8105620000000004,4.043162000000001,232.549302,2.896262,8.071561,231.870954,1.063492,813.2768400784738,-14.345293999999967,22.260488,1.032262,809.4515661024928,-7.750760000000014,31.059009999999997,1.025383,,-7.7060710000000086,,,,-7.628650999999991,,,,3.8213190000000004,,,,,,,-0.531027,,-0.5502130000000001,,-0.588112,,-0.554967,,-5.55585,4.050773,183.20226,0.337877,0.236938,73.198141,1.625724,-7.3362490000000005,3.5391839999999997,187.711298,0.326395,,,1.654856,-4.795306,3.3019910000000006,194.863378,0.261992,,,0.987455,,,,,,,,,,,,,,,,,,,,,,Very Stable,,,,,
2014-12-31 21:00:00-07:00,4.21877,10.173672999999999,3.696444,10.852258,178.70029499999998,3.605007,14.697021,3.09183,13.387215,188.088449,3.075348,14.267629000000001,3.387339,10.215117999999999,3.2334680000000002,8.5049,214.235213,3.4469279999999998,8.213039,3.8043410000000004,8.667853,232.07337599999997,2.73981,14.416592000000001,239.519127,1.060203,813.1555920784739,-13.582770000000039,21.937104,1.030127,809.3416341024929,-7.238403000000005,28.95617,1.023024,,-7.126535999999987,,,,-6.972936000000004,,,,3.538593,,,,,,,-0.61227,,-0.5336069999999999,,-0.571233,,-0.597611,,-5.492735,3.907207,183.62053600000002,0.416285,0.250816,146.801243,0.81062,-7.291021000000001,3.4063440000000003,187.353413,0.379923,,,1.012804,-4.803532,3.298296,195.270301,0.32118,,,1.216217,,,,,,,,,,,,,,,,,,,,,,Very Stable,,,,,
2014-12-31 21:10:00-07:00,4.054601,10.665014,3.5889089999999997,12.672222999999999,183.622959,3.9644,10.873768,3.5829690000000003,9.122628,194.709946,3.6246769999999997,9.796581,3.4771080000000003,6.4296940000000005,3.158496,5.608122,220.21393799999998,3.338678,5.66788,3.749847,4.465818,230.616696,2.8628669999999996,14.134057,241.999979,1.059858,812.9557060784738,-13.564035999999987,22.67381,1.030135,809.1429561024928,-7.3074680000000285,30.018302000000002,1.023241,,-7.249987000000033,,,,-7.104562999999985,,,,3.795829,,,,,,,-0.5629770000000001,,-0.52049,,-0.466321,,-0.522836,,-5.486325,3.8081959999999997,189.46352,0.365467,0.211963,6.752155999999999,17.623998999999998,-7.293866,3.8394160000000004,194.26381999999998,0.293054,,,2.443665,-4.803029,3.791139,202.475888,0.192409,,,2.3738759999999997,,,,,,,,,,,,,,,,,,,,,,Very Stable,,,,,
2014-12-31 21:20:00-07:00,3.4160589999999997,9.413898,2.944545,10.593921,187.66175900000002,3.3515620000000004,11.5428,3.285589,9.11316,196.253884,3.4098319999999998,8.344683999999999,3.4678150000000003,8.225319,3.13029,8.292985,219.88006600000003,3.3011489999999997,7.631726,3.477065,6.320613,237.27632200000002,2.501442,20.818379999999998,247.15830400000002,1.057682,813.1600640784739,-12.96301699999998,20.748829,1.031814,809.3547501024929,-7.668329999999969,31.115871999999996,1.025196,,-7.681268999999986,,,,-7.481848000000014,,,,3.211439,,,,,,,-0.606005,,-0.482167,,-0.532759,,-0.57919,,-5.432983,3.257454,192.958707,0.204537,0.130852,31.93787,3.7259839999999995,-7.279552000000001,3.383625,196.42001000000002,0.248338,,,0.24994,-4.783943,3.7408959999999998,203.95058899999998,0.129679,,,0.762418,,,,,,,,,,,,,,,,,,,,,,Very Stable,,,,,
2014-12-31 21:30:00-07:00,3.768277,8.029597,3.389424,8.153767,191.008901,4.022512,7.798686,3.8540010000000002,6.47764,196.24869099999998,3.9523580000000003,6.625398,4.008712999999999,7.559671000000001,3.6716949999999997,6.96713,214.83424900000003,3.813131,7.140267,3.9004589999999997,7.399636,238.759405,2.845256,10.297157,244.62678799999998,1.05548,812.9657750784737,-12.484510999999998,20.618681,1.029247,809.1680401024929,-7.069953999999996,29.959756,1.0223209999999998,,-6.994984999999986,,,,-6.828933000000006,,,,2.452334,,,,,,,-0.57593,,-0.379297,,-0.552087,,-0.573349,,-5.299949,3.879282,196.14431399999998,0.125309,0.081094,139.19458600000002,0.8549180000000001,-7.114236999999999,4.11612,197.53766399999998,0.11258599999999999,,,0.586789,-4.569115,4.300876000000001,201.897009,0.0689,,,0.612833,,,,,,,,,,,,,,,,,,,,,,Very Stable,,,,,
2014-12-31 21:40:00-07:00,3.554901,7.842416,3.229883,8.493978,190.346703,3.754944,6.242936,3.4420559999999996,5.703819,202.163229,3.5304839999999995,5.773307,3.698758,6.532575,3.5074019999999995,6.550196,215.79706099999999,3.702926,5.842307,3.6184809999999996,4.758276,232.325622,2.5345880000000003,10.251832,244.547921,1.060638,812.8659300784739,-13.78434900000002,22.557575,1.029823,809.0504871024929,-7.258289999999988,31.872015,1.022838,,-7.177962999999977,,,,-7.097262999999998,,,,5.44993,,,,,,,-0.50458,,-0.27824099999999996,,-0.391719,,-0.464659,,-5.257798,3.6576459999999997,195.762227,0.127968,0.089903,-147.058875,-0.8092,-7.04405,3.8054010000000003,201.266604,0.080934,,,-1.175293,-4.520892,3.837339,207.27402800000002,0.044097000000000004,,,-1.278125,,,,,,,,,,,,,,,,,,,,,,Very Unstable,,,,,
2014-12-31 21:50:00-07:00,3.8046879999999996,4.689373000000001,3.390328,5.751302,186.87208,3.704925,8.144606,3.27238,9.195765,193.93461200000002,3.321268,9.168152000000001,3.339886,4.684396,3.0495080000000003,5.0665,211.337666,3.2589490000000003,5.4199910000000004,3.3407940000000003,6.214882,217.74708700000002,2.282179,14.441041,234.97917200000003,1.06397,812.8919740784738,-14.587497999999982,24.042884,1.0324440000000001,809.0651001024929,-7.928003999999987,35.09128,1.025688,,-7.91713500000003,,,,-7.761122999999998,,,,7.879410000000001,,,,,,,-0.488626,,-0.355164,,-0.309253,,-0.41628000000000004,,-5.188748,3.65478,192.576654,0.096589,0.07142899999999999,112.578046,1.057044,-7.004682000000001,3.5972419999999996,194.965939,0.132183,,,0.958868,-4.473487,3.5087839999999995,200.52611000000002,0.112073,,,1.461719,,,,,,,,,,,,,,,,,,,,,,Very Stable,,,,,
2014-12-31 22:00:00-07:00,3.89934,9.669008999999999,3.432351,13.342495000000001,178.19571100000002,3.3993900000000004,14.138448,2.83094,14.327010999999999,185.772557,2.842116,14.261792000000002,3.3876269999999997,10.914373,3.395899,9.389482000000001,202.22025,3.678442,7.942947,3.349208,10.522875,221.08771600000003,2.03229,11.722884,243.093444,1.0595370000000002,812.8399700784738,-13.523378999999977,22.695307,1.029807,809.0283261024929,-7.261780999999985,39.395441,1.0224030000000002,,-7.070609999999988,,,,-6.884654000000012,,,,5.153,,,,,,,-0.682392,,-0.335667,,-0.458638,,-0.5992350000000001,,-4.87903,3.666326,182.45838999999998,0.256411,0.156647,9.289482000000001,12.810186,-6.691483,3.155025,186.811755,0.28542199999999995,,,15.561788,-4.223887,3.0254950000000003,193.038836,0.232998,,,4.166508,,,,,,,,,,,,,,,,,,,,,,Very Stable,,,,,
2014-12-31 22:10:00-07:00,3.9306550000000002,7.366403,3.5038690000000003,8.620724000000001,174.270468,3.5877779999999997,11.407945,2.957924,10.233393,184.63780500000001,2.96945,11.832854,3.380357,9.635699,3.4913019999999997,5.7374,209.79098900000002,3.778972,5.065225,3.9516769999999997,6.4989349999999995,222.94038799999998,2.5341259999999997,13.581037,237.29603999999998,1.05944,812.5421520784738,-13.597645,23.737025,1.0286030000000002,808.7308691024929,-7.051441000000011,39.341149,1.020549,,-6.688874999999996,,,,-6.477810999999974,,,,4.499598000000001,,,,,,,-0.626884,,-0.5133300000000001,,-0.497436,,-0.5753520000000001,,-4.713005,3.833591,179.229884,0.19100699999999998,0.135661,40.962883000000005,2.9050689999999997,-6.564863000000001,3.318611,184.910876,0.234963,,,2.937392,-4.098922,3.095523,192.681164,0.26209099999999996,,,1.285663,,,,,,,,,,,,,,,,,,,,,,Very Stable,,,,,
2014-12-31 22:20:00-07:00,3.884903,7.202636,3.507647,7.758812,174.185024,3.5862629999999998,10.544869,3.053286,10.412789,189.494565,3.074321,9.65051,3.571921,7.851949,3.522528,4.883826999999999,212.90420600000002,3.8143160000000003,5.124721,4.134384,4.3737010000000005,222.27312799999999,2.873328,8.806678,231.020988,1.058108,812.6625570784738,-13.23151200000001,23.533138,1.0278530000000001,808.8558581024929,-6.81494600000002,33.057688,1.019859,,-6.463955999999996,,,,-6.2806810000000155,,,,5.542686,,,,,,,-0.49436199999999997,,-0.47774799999999995,,-0.425696,,-0.465311,,-4.617217,3.8058949999999996,179.394101,0.21342600000000003,0.138326,85.147407,1.397576,-6.460049,3.332243,187.952325,0.262327,,,2.080069,-3.932785,3.270954,196.131296,0.22771799999999998,,,1.529195,,,,,,,,,,,,,,,,,,,,,,Very Stable,,,,,
2014-12-31 22:30:00-07:00,3.746632,7.593661999999999,3.332298,10.747117,179.29884199999998,3.60221,11.628333999999999,3.335837,11.243331,192.29577700000002,3.438074,12.455374,3.7441459999999998,7.531111999999999,3.652506,5.495016000000001,211.33450499999998,3.9561089999999997,5.0422519999999995,4.14675,6.126602,222.72315099999997,2.839352,9.132499000000001,233.35321499999998,1.056938,812.6038590784739,-12.963179000000025,23.952981,1.0266629999999999,808.8012081024929,-6.524968999999999,35.229817,1.019034,,-6.264937999999972,,,,-6.069248000000016,,,,5.5648550000000006,,,,,,,-0.488779,,-0.388545,,-0.39516100000000004,,-0.45222299999999993,,-4.559674,3.57277,185.491164,0.24719499999999997,0.13283399999999998,16.637676000000003,7.1524410000000005,-6.422599,3.516843,193.377868,0.26815900000000004,,,3.223067,-3.879525,3.741771,196.916107,0.194962,,,1.057891,,,,,,,,,,,,,,,,,,,,,,Very Stable,,,,,
2014-12-31 22:40:00-07:00,3.7518,6.572274,3.4314769999999997,5.753379,186.763744,3.9671769999999995,3.401497,3.630931,2.866767,200.44833899999998,3.673029,3.22263,3.668333,3.305791,3.49871,4.5411410000000005,215.42349900000002,3.770006,4.135974,4.063275,3.625211,222.980886,2.677643,9.741304,232.84839100000002,1.0567440000000001,812.2357560784739,-13.036830000000009,24.970492,1.026125,808.4338001024929,-6.509971000000007,41.087551,1.018886,,-6.3514749999999935,,,,-6.1673490000000015,,,,8.525152,,,,,,,-0.38571500000000003,,-0.305616,,-0.29263,,-0.348598,,-4.708991999999999,3.760868,192.770318,0.048148,0.036788,,0.006589,-6.501951,4.0120260000000005,198.251403,0.027995,,,0.007104999999999999,-3.997707,3.9305800000000004,206.095072,0.022976,,,0.094486,,,,,,,,,,,,,,,,,,,,,,Neutral,,,,,
2014-12-31 22:50:00-07:00,3.497068,4.577579,3.152778,4.88521,192.86803600000002,3.7359430000000002,4.011914,3.370597,3.993876,196.56933700000002,3.4165589999999995,5.261658000000001,3.362975,4.963047,3.171359,4.49474,213.323896,3.4663370000000002,3.7085800000000004,3.630393,4.659847,225.847608,2.151341,12.658764999999999,238.79730299999997,1.055384,812.2165470784738,-12.708381000000031,24.681639999999998,1.025694,808.4192661024929,-6.4031420000000026,40.548967,1.018642,803.4516049699521,-6.290225000000021,30.890434999999997,1.013287,799.7382061967833,-6.124995000000013,28.385123999999998,2.6665400000000004,7.430917,5.994635,7.997967999999999,,,,,,-0.502714,,-0.34193,,-0.380237,,-0.45605500000000004,,-4.732147,3.6768300000000003,198.30621000000002,0.018919,0.011048,-332.247553,-0.358167,-6.556292999999999,3.762435,198.306551,0.030086,0.016803,-331.210312,-0.301923,-3.978386,3.665796,201.011527,0.038426999999999996,0.024872,-194.603353,-0.380261,,,,,,,,,,,,,,,,,,,,,,Unstable,Unstable,Very Unstable,,,
2014-12-31 23:00:00-07:00,3.054423,8.197792,2.718315,8.440761,189.791398,3.139983,8.842768,2.821494,9.681741,192.748494,2.8729270000000002,8.667761,2.941964,6.087886,2.767857,4.392856,214.02101299999998,3.039552,5.151899,3.419454,8.093714,231.66733900000003,2.201111,13.142156,247.33618700000002,1.057093,811.9321160784738,-13.222950000000026,25.30903,1.026931,808.1289581024929,-6.822627000000011,41.426579,1.020122,,-6.779129000000012,,,,-6.6359299999999735,,,,4.8426730000000004,,,,,,,-0.649853,,-0.434133,,-0.50544,,-0.595866,,-4.7602910000000005,3.144986,195.58706,0.080096,0.058287,12.451017,9.557452,-6.561541,3.116661,195.782774,0.091812,,,2.374101,-4.042680000000001,3.097686,198.441235,0.070336,,,0.7667510000000001,,,,,,,,,,,,,,,,,,,,,,Very Stable,,,,,
2014-12-31 23:10:00-07:00,3.157259,8.334289,2.6748939999999997,6.646093,192.358416,2.995851,8.08704,2.61247,8.994098,195.619655,2.659574,8.203985000000001,2.745495,5.233761,2.866578,4.673844,223.90832799999998,3.3510949999999995,6.481886,3.751242,7.1148869999999995,238.487939,2.112139,12.288244,249.83991899999998,1.060218,812.0999110784738,-13.933357999999998,26.133348,1.026967,808.2860121024929,-6.778682000000003,42.816284,1.019773,,-6.639658999999995,,,,-6.5856299999999806,,,,5.273973000000001,,,,,,,-0.645479,,-0.5773199999999999,,-0.5567310000000001,,-0.609769,,-4.824997,3.107811,197.75549099999998,0.079513,0.06189,88.617988,1.342842,-6.593672,2.96687,198.260458,0.07495800000000001,,,0.877684,-4.083366000000001,2.805386,202.323631,0.06957999999999999,,,0.630832,,,,,,,,,,,,,,,,,,,,,,Very Stable,,,,,
2014-12-31 23:20:00-07:00,3.1550990000000003,4.735469999999999,2.719552,4.691529,198.39081299999998,3.0969830000000003,4.554335,2.700944,5.208017,207.314427,2.756384,4.9007190000000005,2.800997,6.42995,2.911765,8.224743,230.00027200000002,3.214,6.605291,3.273047,7.8031440000000005,248.83942599999997,2.702492,10.198225,247.725594,1.053964,812.0362360784737,-12.417066000000034,23.893657,1.026478,808.2438221024928,-6.666224,41.97116,1.0193709999999998,,-6.538728999999989,,,,-6.446698000000026,,,,5.279518,,,,,,,-0.48108500000000004,,-0.462976,,-0.5392859999999999,,-0.5069739999999999,,-4.757967,3.2254150000000004,204.129185,0.032754000000000005,0.025811,2.391398,49.761683000000005,-6.509787,3.104293,207.127612,0.029711,,,28.915591,-4.002333,2.9406470000000002,214.535106,0.031377999999999996,,,7.048317,,,,,,,,,,,,,,,,,,,,,,Very Stable,,,,,
2014-12-31 23:30:00-07:00,3.030925,5.784887,2.656775,6.503556,191.339969,3.079415,5.540788,2.670112,6.218424,201.223244,2.718794,5.966593,2.631652,7.560339999999999,2.6602259999999998,10.089716000000001,227.47946000000002,2.827527,5.013063,2.921555,12.573911,246.712589,2.3863790000000003,14.456904999999999,245.830349,1.053461,811.9428040784737,-12.323762999999985,23.566465,1.0256239999999999,808.1521081024929,-6.475656000000015,40.576177,1.018176,803.1936649699521,-6.256499000000019,35.843303999999996,1.012991,799.4868501967833,-6.133654999999976,32.850342,1.3893389999999999,4.96668,5.252966000000001,6.024241,,,,,,-0.531037,,-0.535841,,-0.590771,,-0.556688,,-4.6897269999999995,3.1125,197.53225600000002,0.042187999999999996,0.025015,30.713741,3.8744870000000002,-6.461683,3.1112889999999997,201.033586,0.033405000000000004,0.020562999999999998,22.198394,4.50483,-3.911079,2.895843,207.078933,0.032884,0.022076,16.7894,4.407543,,,,,,,,,,,,,,,,,,,,,,Very Stable,Very Stable,Very Stable,,,
2014-12-31 23:40:00-07:00,2.956715,10.786325,2.586472,11.402256,189.757183,2.9448369999999997,6.812644000000001,2.5808,6.362664,205.227172,2.592234,6.566153999999999,2.746661,5.412239,2.844712,5.545354,234.835394,2.8750459999999998,7.75287,3.517038,4.785012999999999,250.119821,2.596936,10.648994,247.196306,1.053139,811.6365760784738,-12.345285999999987,23.238843,1.026098,807.8469721024928,-6.702462999999966,42.11619,1.018074,802.8900579699522,-6.333755999999994,37.062248,1.012714,799.1843351967833,-6.164656999999977,31.721989,1.015269,3.952283,4.90981,4.736527,,,,,,-0.499633,,-0.6042489999999999,,-0.583021,,-0.531591,,-4.664729,2.961432,196.908517,0.149076,0.07797899999999999,149.65623200000002,0.7951560000000001,-6.48536,2.961986,203.823147,0.054904999999999995,0.040097,52.306776,1.9117979999999999,-3.9759830000000003,2.742531,212.665872,0.046252999999999996,0.027966,22.948219,3.2246509999999997,,,,,,,,,,,,,,,,,,,,,,Very Stable,Very Stable,Very Stable,,,
2014-12-31 23:50:00-07:00,3.3929620000000003,8.747191,2.939738,11.686318,173.323002,3.138116,11.780648,2.804047,10.140417,189.975314,2.849423,11.267446000000001,3.008645,8.012124,2.918786,6.40526,220.57199500000002,3.197395,5.500592,3.5597529999999997,4.405151,233.080083,2.578303,10.36758,240.418828,1.056537,811.4899590784738,-13.231922999999995,24.434014,1.02678,807.6886801024929,-6.932843999999989,38.308923,1.019399,,-6.740075999999988,,,,-6.537454000000025,,,,4.3940779999999995,,,,,,,-0.600518,,-0.624422,,-0.559802,,-0.581965,,-4.4728580000000004,3.2065650000000003,179.267649,0.282015,0.152421,102.18369399999999,1.164569,-6.279282,3.0221299999999998,186.777148,0.27995,,,0.668335,-3.7890129999999997,3.06071,198.897255,0.19474,,,1.338429,,,,,,,,,,,,,,,,,,,,,,Very Stable,,,,,
